-- MySQL Script generated by MySQL Workbench
-- Mon Apr 13 21:21:27 2020
-- Model: New Model    Version: 1.0
-- MySQL Workbench Forward Engineering

SET @OLD_UNIQUE_CHECKS=@@UNIQUE_CHECKS, UNIQUE_CHECKS=0;
SET @OLD_FOREIGN_KEY_CHECKS=@@FOREIGN_KEY_CHECKS, FOREIGN_KEY_CHECKS=0;
SET @OLD_SQL_MODE=@@SQL_MODE, SQL_MODE='ONLY_FULL_GROUP_BY,STRICT_TRANS_TABLES,NO_ZERO_IN_DATE,NO_ZERO_DATE,ERROR_FOR_DIVISION_BY_ZERO,NO_ENGINE_SUBSTITUTION';

-- -----------------------------------------------------
-- Schema jen13
-- -----------------------------------------------------
DROP SCHEMA IF EXISTS `jen13` ;

-- -----------------------------------------------------
-- Schema jen13
-- -----------------------------------------------------
CREATE SCHEMA IF NOT EXISTS `jen13` ;
SHOW WARNINGS;
USE `jen13` ;

-- -----------------------------------------------------
-- Table `jen13`.`petstore`
-- -----------------------------------------------------
DROP TABLE IF EXISTS `jen13`.`petstore` ;

SHOW WARNINGS;
CREATE TABLE IF NOT EXISTS `jen13`.`petstore` (
  `pst_id` SMALLINT UNSIGNED NOT NULL AUTO_INCREMENT,
  `pst_name` VARCHAR(30) NOT NULL,
  `pst_street` VARCHAR(30) NOT NULL,
  `pst_city` VARCHAR(30) NOT NULL,
  `pst_state` CHAR(2) NOT NULL,
  `pst_zip` INT(9) NOT NULL,
  `pst_phone` BIGINT(10) NOT NULL,
  `pst_email` VARCHAR(100) NOT NULL,
  `pst_ytd_sales` DECIMAL(10,2) NOT NULL,
  `pst_notes` VARCHAR(255) NULL,
  `pst_url` VARCHAR(100) NOT NULL,
  PRIMARY KEY (`pst_id`))
ENGINE = InnoDB;

SHOW WARNINGS;

-- -----------------------------------------------------
-- Table `jen13`.`customer`
-- -----------------------------------------------------
DROP TABLE IF EXISTS `jen13`.`customer` ;

SHOW WARNINGS;
CREATE TABLE IF NOT EXISTS `jen13`.`customer` (
  `cus_id` SMALLINT UNSIGNED NOT NULL AUTO_INCREMENT,
  `cus_fname` VARCHAR(15) NOT NULL,
  `cus_lname` VARCHAR(30) NOT NULL,
  `cus_street` VARCHAR(30) NOT NULL,
  `cus_city` VARCHAR(30) NOT NULL,
  `cus_state` CHAR(2) NOT NULL,
  `cus_zip` INT(9) NOT NULL,
  `cus_phone` BIGINT(10) NOT NULL,
  `cus_email` VARCHAR(100) NOT NULL,
  `cus_balance` DECIMAL(6,2) NOT NULL COMMENT '	',
  `cus_total_sales` DECIMAL(6,2) NOT NULL,
  `cus_notes` VARCHAR(255) NULL,
  PRIMARY KEY (`cus_id`))
ENGINE = InnoDB;

SHOW WARNINGS;

-- -----------------------------------------------------
-- Table `jen13`.`pet`
-- -----------------------------------------------------
DROP TABLE IF EXISTS `jen13`.`pet` ;

SHOW WARNINGS;
CREATE TABLE IF NOT EXISTS `jen13`.`pet` (
  `pet_id` SMALLINT UNSIGNED NOT NULL AUTO_INCREMENT,
  `pst_id` SMALLINT UNSIGNED NOT NULL,
  `cus_id` SMALLINT UNSIGNED NULL,
  `pet_type` VARCHAR(45) NOT NULL,
  `pet_sex` ENUM('m', 'f') NOT NULL,
  `pet_age` INT NOT NULL,
  `pet_cost` DECIMAL(6,2) NOT NULL,
  `pet_price` DECIMAL(6,2) NOT NULL,
  `pet_color` VARCHAR(30) NOT NULL,
  `pet_sale_date` DATE NULL,
  `pet_vaccine` ENUM('y', 'n') NOT NULL,
  `pet_neuter` ENUM('y', 'n') NOT NULL,
  `pet_notes` VARCHAR(255) NULL,
  PRIMARY KEY (`pet_id`),
  INDEX `fk_Pet_Petstore_idx` (`pst_id` ASC) VISIBLE,
  INDEX `fk_Pet_Customer1_idx` (`cus_id` ASC) VISIBLE,
  CONSTRAINT `fk_Pet_Petstore`
    FOREIGN KEY (`pst_id`)
    REFERENCES `jen13`.`petstore` (`pst_id`)
    ON DELETE CASCADE
    ON UPDATE CASCADE,
  CONSTRAINT `fk_Pet_Customer`
    FOREIGN KEY (`cus_id`)
    REFERENCES `jen13`.`customer` (`cus_id`)
    ON DELETE SET NULL
    ON UPDATE CASCADE)
ENGINE = InnoDB;

SHOW WARNINGS;

SET SQL_MODE=@OLD_SQL_MODE;
SET FOREIGN_KEY_CHECKS=@OLD_FOREIGN_KEY_CHECKS;
SET UNIQUE_CHECKS=@OLD_UNIQUE_CHECKS;

-- -----------------------------------------------------
-- Data for table `jen13`.`petstore`
-- -----------------------------------------------------
START TRANSACTION;
USE `jen13`;
INSERT INTO `jen13`.`petstore` (`pst_id`, `pst_name`, `pst_street`, `pst_city`, `pst_state`, `pst_zip`, `pst_phone`, `pst_email`, `pst_ytd_sales`, `pst_notes`, `pst_url`) VALUES (1, 'Tallahassee Petstore', '1244 West Tennessee St', 'Tallahassee', 'FL', 32304, 8505755555, 'tallahassepetstore@petsrus.com', 12330.42, NULL, 'tallahasseepetstore.com');
INSERT INTO `jen13`.`petstore` (`pst_id`, `pst_name`, `pst_street`, `pst_city`, `pst_state`, `pst_zip`, `pst_phone`, `pst_email`, `pst_ytd_sales`, `pst_notes`, `pst_url`) VALUES (2, 'Miami Fur Friends', '377 7th St', 'Miami', 'FL', 33012, 3057776565, 'miamifurfriends@petsrus.com', 20106.74, 'Good sales due to adoption event', 'miamifurfriends.com');
INSERT INTO `jen13`.`petstore` (`pst_id`, `pst_name`, `pst_street`, `pst_city`, `pst_state`, `pst_zip`, `pst_phone`, `pst_email`, `pst_ytd_sales`, `pst_notes`, `pst_url`) VALUES (3, 'Panhandle Pets', '120 Gulf Ave', 'Panama City Beach', 'FL', 33124, 8509995555, 'Panhandlepets@petsrus.com', 15869.12, NULL, 'panhandlepets.com');
INSERT INTO `jen13`.`petstore` (`pst_id`, `pst_name`, `pst_street`, `pst_city`, `pst_state`, `pst_zip`, `pst_phone`, `pst_email`, `pst_ytd_sales`, `pst_notes`, `pst_url`) VALUES (4, 'Sunshine Pet Supply', '134 Sunrise Blvd', 'Sunrise', 'FL', 33187, 9543336633, 'sunrisepetsupply@petsrus.com', 11003.44, NULL, 'sunrisepetsupply.com');
INSERT INTO `jen13`.`petstore` (`pst_id`, `pst_name`, `pst_street`, `pst_city`, `pst_state`, `pst_zip`, `pst_phone`, `pst_email`, `pst_ytd_sales`, `pst_notes`, `pst_url`) VALUES (5, 'Sarasota Pets', '789 Bailey Ct', 'Sarasota', 'FL', 32314, 9415638899, 'Sarasotapets@petsrus.com', 12742.87, NULL, 'sarasotapets.com');
INSERT INTO `jen13`.`petstore` (`pst_id`, `pst_name`, `pst_street`, `pst_city`, `pst_state`, `pst_zip`, `pst_phone`, `pst_email`, `pst_ytd_sales`, `pst_notes`, `pst_url`) VALUES (6, 'Magic Paw Supply', '852 Central St', 'Orlando', 'FL', 33313, 9419991414, 'magicpawsupply@petsrus.com', 13626.49, NULL, 'magicpawsupply.com');
INSERT INTO `jen13`.`petstore` (`pst_id`, `pst_name`, `pst_street`, `pst_city`, `pst_state`, `pst_zip`, `pst_phone`, `pst_email`, `pst_ytd_sales`, `pst_notes`, `pst_url`) VALUES (7, 'Main Street Pets', '5 Main Street', 'Orlando', 'FL', 33310, 9412225115, 'mainstreetpets@petsrus.com', 15777.07, NULL, 'mainstreetpets.com');
INSERT INTO `jen13`.`petstore` (`pst_id`, `pst_name`, `pst_street`, `pst_city`, `pst_state`, `pst_zip`, `pst_phone`, `pst_email`, `pst_ytd_sales`, `pst_notes`, `pst_url`) VALUES (8, 'Out of this World Pets', '321 Launch Ln', 'Cape Canaveral', 'FL', 32113, 3214442332, 'outofthisworldpets@petsrus.com', 9210.89, 'Low Sales', 'outofthisworldpets.com');
INSERT INTO `jen13`.`petstore` (`pst_id`, `pst_name`, `pst_street`, `pst_city`, `pst_state`, `pst_zip`, `pst_phone`, `pst_email`, `pst_ytd_sales`, `pst_notes`, `pst_url`) VALUES (9, 'East Coast Pets', '6641 Timber Way', 'Jacksonville', 'FL', 30325, 8501112222, 'eastcoastpets@petsrus.com', 17919.46, NULL, 'eastcoastpets.com');
INSERT INTO `jen13`.`petstore` (`pst_id`, `pst_name`, `pst_street`, `pst_city`, `pst_state`, `pst_zip`, `pst_phone`, `pst_email`, `pst_ytd_sales`, `pst_notes`, `pst_url`) VALUES (10, 'University Pet Supply', '721 University St', 'West Palm Beach', 'FL', 34238, 9543691215, 'universitypets@petsrus.com', 14202.12, NULL, 'universitypets.com');

COMMIT;


-- -----------------------------------------------------
-- Data for table `jen13`.`customer`
-- -----------------------------------------------------
START TRANSACTION;
USE `jen13`;
INSERT INTO `jen13`.`customer` (`cus_id`, `cus_fname`, `cus_lname`, `cus_street`, `cus_city`, `cus_state`, `cus_zip`, `cus_phone`, `cus_email`, `cus_balance`, `cus_total_sales`, `cus_notes`) VALUES (1, 'Billy', 'Bob', '2244 Parrot Ln', 'Tallahassee', 'FL', 32308, 8504561234, 'b.bob@gmail.com', .25, 33.26, 'Has a balance');
INSERT INTO `jen13`.`customer` (`cus_id`, `cus_fname`, `cus_lname`, `cus_street`, `cus_city`, `cus_state`, `cus_zip`, `cus_phone`, `cus_email`, `cus_balance`, `cus_total_sales`, `cus_notes`) VALUES (2, 'Kaz', 'Brecker', '324 Barrel St', 'Tallahassee', 'FL', 32301, 8504321212, 'kbrecker@gmail.com', 0.00, 200.00, NULL);
INSERT INTO `jen13`.`customer` (`cus_id`, `cus_fname`, `cus_lname`, `cus_street`, `cus_city`, `cus_state`, `cus_zip`, `cus_phone`, `cus_email`, `cus_balance`, `cus_total_sales`, `cus_notes`) VALUES (3, 'Garret', 'Johnson', '475 Horizon Dr', 'Pensacola', 'Fl', 33044, 8507973366, 'gjohnny@aol.com', 0.00, 30.77, NULL);
INSERT INTO `jen13`.`customer` (`cus_id`, `cus_fname`, `cus_lname`, `cus_street`, `cus_city`, `cus_state`, `cus_zip`, `cus_phone`, `cus_email`, `cus_balance`, `cus_total_sales`, `cus_notes`) VALUES (4, 'Karen', 'Smith', '12 Palm Frond Ave', 'Miami', 'FL', 33087, 3057772323, 'k.smith@yahoo.com', 55.31, 202.37, NULL);
INSERT INTO `jen13`.`customer` (`cus_id`, `cus_fname`, `cus_lname`, `cus_street`, `cus_city`, `cus_state`, `cus_zip`, `cus_phone`, `cus_email`, `cus_balance`, `cus_total_sales`, `cus_notes`) VALUES (5, 'Gina', 'Knope', '2333 Hi-Lo Ave', 'Monticello', 'FL', 32327, 8501419874, 'knope88@aol.com', 0.00, 113.52, NULL);
INSERT INTO `jen13`.`customer` (`cus_id`, `cus_fname`, `cus_lname`, `cus_street`, `cus_city`, `cus_state`, `cus_zip`, `cus_phone`, `cus_email`, `cus_balance`, `cus_total_sales`, `cus_notes`) VALUES (6, 'Jae', 'Whit', '111 Hartsfield Rd', 'Tallahassee', 'FL', 32304, 8509913786, 'j.whit@gmail.com', 203.17, 300.00, NULL);
INSERT INTO `jen13`.`customer` (`cus_id`, `cus_fname`, `cus_lname`, `cus_street`, `cus_city`, `cus_state`, `cus_zip`, `cus_phone`, `cus_email`, `cus_balance`, `cus_total_sales`, `cus_notes`) VALUES (7, 'Kenneth', 'Hendrix', '354 Flower Ln', 'Orlando', 'FL', 33313, 9416647234, 'kenhen@comcast.com', 31.03, 50.12, NULL);
INSERT INTO `jen13`.`customer` (`cus_id`, `cus_fname`, `cus_lname`, `cus_street`, `cus_city`, `cus_state`, `cus_zip`, `cus_phone`, `cus_email`, `cus_balance`, `cus_total_sales`, `cus_notes`) VALUES (8, 'Riley', 'Cox', '707 Circus St', 'Sarasota', 'FL', 32314, 9413789426, 'rileyc@soundcloud.com', 123.45, 150.00, NULL);
INSERT INTO `jen13`.`customer` (`cus_id`, `cus_fname`, `cus_lname`, `cus_street`, `cus_city`, `cus_state`, `cus_zip`, `cus_phone`, `cus_email`, `cus_balance`, `cus_total_sales`, `cus_notes`) VALUES (9, 'Wilson', 'Williams', '421 Lutherin St', 'Panama City Beach', 'FL', 33124, 8504117159, 'wwiliams@yahoo.com', 0.00, 87.94, NULL);
INSERT INTO `jen13`.`customer` (`cus_id`, `cus_fname`, `cus_lname`, `cus_street`, `cus_city`, `cus_state`, `cus_zip`, `cus_phone`, `cus_email`, `cus_balance`, `cus_total_sales`, `cus_notes`) VALUES (10, 'Nancy', 'Wilbur', '14268 Southland Blvd', 'Cape Canaveral', 'FL', 32113, 3217876934, 'wilbur90@gmail.com', 423.79, 600.00, NULL);

COMMIT;


-- -----------------------------------------------------
-- Data for table `jen13`.`pet`
-- -----------------------------------------------------
START TRANSACTION;
USE `jen13`;
INSERT INTO `jen13`.`pet` (`pet_id`, `pst_id`, `cus_id`, `pet_type`, `pet_sex`, `pet_age`, `pet_cost`, `pet_price`, `pet_color`, `pet_sale_date`, `pet_vaccine`, `pet_neuter`, `pet_notes`) VALUES (2, 1, 6, 'Monkey', 'm', 12, 2.00, 2.00, 'Brown', '2018/11/14', 'y', 'n', 'Named Terry');
INSERT INTO `jen13`.`pet` (`pet_id`, `pst_id`, `cus_id`, `pet_type`, `pet_sex`, `pet_age`, `pet_cost`, `pet_price`, `pet_color`, `pet_sale_date`, `pet_vaccine`, `pet_neuter`, `pet_notes`) VALUES (5, 8, 10, 'German sheppard', 'm', 4, 65.00, 600.00, 'Grey', '2017/06/22', 'y', 'y', 'Named Arkham');
INSERT INTO `jen13`.`pet` (`pet_id`, `pst_id`, `cus_id`, `pet_type`, `pet_sex`, `pet_age`, `pet_cost`, `pet_price`, `pet_color`, `pet_sale_date`, `pet_vaccine`, `pet_neuter`, `pet_notes`) VALUES (7, 4, NULL, 'Ragamuffin', 'f', 6, 86.00, 250.00, 'Orange', NULL, 'y', 'y', 'Named Trixie');
INSERT INTO `jen13`.`pet` (`pet_id`, `pst_id`, `cus_id`, `pet_type`, `pet_sex`, `pet_age`, `pet_cost`, `pet_price`, `pet_color`, `pet_sale_date`, `pet_vaccine`, `pet_neuter`, `pet_notes`) VALUES (3, 3, NULL, 'Beagle', 'f', 1, 65.00, 600.00, 'Brown', NULL, 'y', 'n', 'Named Pudding');
INSERT INTO `jen13`.`pet` (`pet_id`, `pst_id`, `cus_id`, `pet_type`, `pet_sex`, `pet_age`, `pet_cost`, `pet_price`, `pet_color`, `pet_sale_date`, `pet_vaccine`, `pet_neuter`, `pet_notes`) VALUES (6, 7, 4, 'Ferret', 'm', 2, 40.00, 100.00, 'Grey', '2019/03/20', 'y', 'n', 'Named Slinky');
INSERT INTO `jen13`.`pet` (`pet_id`, `pst_id`, `cus_id`, `pet_type`, `pet_sex`, `pet_age`, `pet_cost`, `pet_price`, `pet_color`, `pet_sale_date`, `pet_vaccine`, `pet_neuter`, `pet_notes`) VALUES (8, 10, 3, 'Parrot', 'f', 3, 40.00, 600.00, 'Red', '2018/12/20', 'y', 'n', 'Named Scarlet');
INSERT INTO `jen13`.`pet` (`pet_id`, `pst_id`, `cus_id`, `pet_type`, `pet_sex`, `pet_age`, `pet_cost`, `pet_price`, `pet_color`, `pet_sale_date`, `pet_vaccine`, `pet_neuter`, `pet_notes`) VALUES (1, 2, NULL, 'Russian Blue', 'm', 1, 86.00, 400.00, 'Blue', NULL, 'n', 'n', 'Named Coal');
INSERT INTO `jen13`.`pet` (`pet_id`, `pst_id`, `cus_id`, `pet_type`, `pet_sex`, `pet_age`, `pet_cost`, `pet_price`, `pet_color`, `pet_sale_date`, `pet_vaccine`, `pet_neuter`, `pet_notes`) VALUES (10, 5, 7, 'Bearded Dragon', 'm', 4, 65.00, 300.00, 'Yellow', '2020/01/04', 'n', 'n', 'Named Lynx');
INSERT INTO `jen13`.`pet` (`pet_id`, `pst_id`, `cus_id`, `pet_type`, `pet_sex`, `pet_age`, `pet_cost`, `pet_price`, `pet_color`, `pet_sale_date`, `pet_vaccine`, `pet_neuter`, `pet_notes`) VALUES (4, 6, NULL, 'Golden Retriever', 'm', 2, 65.00, 600.00, 'Golden', NULL, 'y', 'n', 'Named Buddy');
INSERT INTO `jen13`.`pet` (`pet_id`, `pst_id`, `cus_id`, `pet_type`, `pet_sex`, `pet_age`, `pet_cost`, `pet_price`, `pet_color`, `pet_sale_date`, `pet_vaccine`, `pet_neuter`, `pet_notes`) VALUES (9, 9, 4, 'Silver Tabby', 'f', 7, 40.00, 400.00, 'Silver', '2018/10/17', 'y', 'y', 'Named Pewter');

COMMIT;

